user_id,quality
1,0.05596010487528345
2,0.008034474206349207
